21,Approved,admin,04-08-2024,Mozilla/5.0 (Windows NT 10.0; Win64; x64) AppleWebKit/537.36 (KHTML\, like Gecko) Chrome/127.0.0.0 Safari/537.36,17220,2019-06-10,503,Cheque,,Cheque
35,Approved,admin,04-08-2024,Mozilla/5.0 (Windows NT 10.0; Win64; x64) AppleWebKit/537.36 (KHTML\, like Gecko) Chrome/127.0.0.0 Safari/537.36,3426,2017-05-06,102,Cheque,,Cheque
37,Approved,admin,04-08-2024,Mozilla/5.0 (Windows NT 10.0; Win64; x64) AppleWebKit/537.36 (KHTML\, like Gecko) Chrome/127.0.0.0 Safari/537.36,17220,2021-11-07,101,IMPS,,IMPS
36,Approved,admin,06-08-2024,Mozilla/5.0 (Windows NT 10.0; Win64; x64) AppleWebKit/537.36 (KHTML\, like Gecko) Chrome/127.0.0.0 Safari/537.36,11000,2018-01-03,102,Cheque,,Cheque
22,Approved,admin,06-08-2024,Mozilla/5.0 (Windows NT 10.0; Win64; x64) AppleWebKit/537.36 (KHTML\, like Gecko) Chrome/127.0.0.0 Safari/537.36,17220,2020-08-01,503,IMPS,,IMPS
23,Approved,admin,06-08-2024,Mozilla/5.0 (Windows NT 10.0; Win64; x64) AppleWebKit/537.36 (KHTML\, like Gecko) Chrome/127.0.0.0 Safari/537.36,17220,2020-08-27,503,Cheque,,Cheque
24,Approved,admin,06-08-2024,Mozilla/5.0 (Windows NT 10.0; Win64; x64) AppleWebKit/537.36 (KHTML\, like Gecko) Chrome/127.0.0.0 Safari/537.36,17220,2022-09-17,503,IMPS,,IMPS
38,Rejected,admin,06-08-2024,Mozilla/5.0 (Windows NT 10.0; Win64; x64) AppleWebKit/537.36 (KHTML\, like Gecko) Chrome/127.0.0.0 Safari/537.36,7800,2018-01-03,503,Cheque,Duplicate entry,Cheque
25,Approved,admin,06-08-2024,Mozilla/5.0 (Windows NT 10.0; Win64; x64) AppleWebKit/537.36 (KHTML\, like Gecko) Chrome/127.0.0.0 Safari/537.36,2590,2017-11-20,503,Cheque,,Cheque
26,Approved,admin,06-08-2024,Mozilla/5.0 (Windows NT 10.0; Win64; x64) AppleWebKit/537.36 (KHTML\, like Gecko) Chrome/127.0.0.0 Safari/537.36,7800,2018-01-03,503,Cheque,,Cheque
27,Approved,admin,06-08-2024,Mozilla/5.0 (Windows NT 10.0; Win64; x64) AppleWebKit/537.36 (KHTML\, like Gecko) Chrome/127.0.0.0 Safari/537.36,9420,2018-06-19,503,Cheque,,Cheque
28,Approved,admin,06-08-2024,Mozilla/5.0 (Windows NT 10.0; Win64; x64) AppleWebKit/537.36 (KHTML\, like Gecko) Chrome/127.0.0.0 Safari/537.36,17220,2021-05-07,503,Cheque,,Cheque
29,Approved,admin,06-08-2024,Mozilla/5.0 (Windows NT 10.0; Win64; x64) AppleWebKit/537.36 (KHTML\, like Gecko) Chrome/127.0.0.0 Safari/537.36,2590,2017-12-01,204,Cheque,,Cheque
30,Approved,admin,06-08-2024,Mozilla/5.0 (Windows NT 10.0; Win64; x64) AppleWebKit/537.36 (KHTML\, like Gecko) Chrome/127.0.0.0 Safari/537.36,9420,2018-06-19,204,Cheque,,Cheque
31,Approved,admin,06-08-2024,Mozilla/5.0 (Windows NT 10.0; Win64; x64) AppleWebKit/537.36 (KHTML\, like Gecko) Chrome/127.0.0.0 Safari/537.36,7800,2018-01-09,204,Cheque,,Cheque
32,Approved,admin,06-08-2024,Mozilla/5.0 (Windows NT 10.0; Win64; x64) AppleWebKit/537.36 (KHTML\, like Gecko) Chrome/127.0.0.0 Safari/537.36,17220,2019-06-27,204,Cheque,,Cheque
33,Approved,admin,06-08-2024,Mozilla/5.0 (Windows NT 10.0; Win64; x64) AppleWebKit/537.36 (KHTML\, like Gecko) Chrome/127.0.0.0 Safari/537.36,17220,2020-06-11,204,Cheque,,Cheque
34,Approved,admin,06-08-2024,Mozilla/5.0 (Windows NT 10.0; Win64; x64) AppleWebKit/537.36 (KHTML\, like Gecko) Chrome/127.0.0.0 Safari/537.36,17220,2022-07-06,204,Cheque,,Cheque
39,Approved,admin,11-08-2024,Mozilla/5.0 (Windows NT 10.0; Win64; x64) AppleWebKit/537.36 (KHTML\, like Gecko) Chrome/127.0.0.0 Safari/537.36,3426,2017-05-06,102,Cheque,,Cheque
40,Approved,admin,11-08-2024,Mozilla/5.0 (Windows NT 10.0; Win64; x64) AppleWebKit/537.36 (KHTML\, like Gecko) Chrome/127.0.0.0 Safari/537.36,11000,2018-01-03,102,Cheque,,Cheque
41,Approved,admin,11-08-2024,Mozilla/5.0 (Windows NT 10.0; Win64; x64) AppleWebKit/537.36 (KHTML\, like Gecko) Chrome/127.0.0.0 Safari/537.36,11440,2018-06-19,102,Cheque,,Cheque
42,Approved,admin,11-08-2024,Mozilla/5.0 (Windows NT 10.0; Win64; x64) AppleWebKit/537.36 (KHTML\, like Gecko) Chrome/127.0.0.0 Safari/537.36,22440,2019-11-15,102,Cheque,,Cheque
43,Approved,admin,11-08-2024,Mozilla/5.0 (Windows NT 10.0; Win64; x64) AppleWebKit/537.36 (KHTML\, like Gecko) Chrome/127.0.0.0 Safari/537.36,22440,2021-05-01,102,Cheque,,Cheque
44,Approved,admin,11-08-2024,Mozilla/5.0 (Windows NT 10.0; Win64; x64) AppleWebKit/537.36 (KHTML\, like Gecko) Chrome/127.0.0.0 Safari/537.36,22440,2022-05-24,102,Cheque,,Cheque
45,Approved,admin,11-08-2024,Mozilla/5.0 (Windows NT 10.0; Win64; x64) AppleWebKit/537.36 (KHTML\, like Gecko) Chrome/127.0.0.0 Safari/537.36,22440,2022-07-13,102,Cheque,,Cheque
